PLAYER,TEAM,POS,POSF,GP,G,A,PTS,+/-,SHP,PIM,HITS,BLOCKS,SOG,SEASON,FP,FP/GP
Bo Horvat,VAN/NYI,C,C,79,38,32,70,-1,5,18,57,55,229,20222023,251.4,3.1823
Anders Bjork,BUF/CHI,W,W,14,2,6,8,4,0,2,8,4,15,20222023,25,1.7857
Wade Allison,PHI,W,W,60,9,6,15,-3,0,36,190,62,89,20222023,112.5,1.875
Clayton Keller,ARI,W,W,82,37,49,86,-2,1,49,18,34,223,20222023,266.8,3.2537
Zach Bogosian,TBL,D,D,46,1,4,5,-4,0,42,114,50,54,20222023,58.4,1.2696
Yegor Sharangovich,NJD,C,C,75,13,17,30,-3,4,16,22,41,131,20222023,115,1.5333
J.T. Compher,COL,W,W,82,17,35,52,8,0,33,37,82,154,20222023,186.2,2.2707
Austin Watson,OTT,W,W,75,9,2,11,-7,3,123,165,61,79,20222023,96,1.28
Jacob Bryson,BUF,D,D,59,1,8,9,-24,1,8,34,69,27,20222023,44.7,0.7576
Devin Shore,EDM,C,C,47,1,8,9,6,0,4,46,24,33,20222023,43.8,0.9319
Andrew Peeke,CBJ,D,D,80,6,7,13,-41,1,22,180,197,90,20222023,132.8,1.66
Filip Forsberg,NAS,W,W,50,19,23,42,-4,0,20,86,20,157,20222023,156.4,3.128
Jake Walman,DET,D,D,63,9,9,18,10,0,45,47,121,140,20222023,121.7,1.9317
Casey Cizikas,NYI,C,C,81,6,15,21,0,2,54,188,58,111,20222023,125.2,1.5457
Haydn Fleury,TBL,D,D,29,0,1,1,-10,0,14,30,30,33,20222023,20.6,0.7103
Dennis Gilbert,CGY,D,D,23,1,3,4,0,0,27,55,26,13,20222023,30.4,1.3217
Connor Brown,WAS,W,W,4,0,0,0,-3,0,0,6,1,2,20222023,1,0.25
Robert Hagg,DET,D,D,38,2,5,7,-5,0,26,111,47,40,20222023,58.8,1.5474
Luke Kunin,SJS,C,C,31,5,8,13,-9,0,42,63,27,58,20222023,60.6,1.9548
Ryan Johansen,NAS,C,C,55,12,16,28,-13,0,32,49,19,86,20222023,96.8,1.76
Givani Smith,DET/FLA,W,W,36,1,3,4,-2,0,72,67,8,30,20222023,30.2,0.8389
William Nylander,TOR,W,W,82,40,47,87,10,0,28,18,26,293,20222023,287,3.5
Steven Stamkos,TBL,C,CW,81,34,50,84,-5,0,46,92,51,240,20222023,282.2,3.484
Brayden Schenn,STL,C,CW,82,21,44,65,-27,0,50,140,41,144,20222023,212,2.5854
Kevin Stenlund,WPG,C,C,54,6,3,9,3,2,20,31,28,63,20222023,52.1,0.9648
Logan Stanley,WPG,D,D,19,1,2,3,-1,0,21,44,20,11,20222023,23.7,1.2474
Zach Werenski,CBJ,D,D,13,3,5,8,-6,0,0,5,24,41,20222023,33.6,2.5846
Seth Jones,CHI,D,D,72,12,25,37,-38,1,30,106,125,178,20222023,168.9,2.3458
Johnny Gaudreau,CBJ,W,W,80,21,53,74,-33,0,22,5,18,220,20222023,209.5,2.6188
Conor Timmins,ARI/TOR,D,D,27,2,12,14,-1,0,8,23,18,19,20222023,43.5,1.6111
Conor Sheary,WAS,W,W,82,15,22,37,9,2,22,57,39,154,20222023,145.6,1.7756
Andrew Mangiapane,CGY,W,W,82,17,26,43,12,2,40,86,26,182,20222023,168,2.0488
Jake Guentzel,PIT,W,W,78,36,37,73,2,0,46,83,46,244,20222023,261.8,3.3564
Anze Kopitar,LAK,C,C,82,28,46,74,20,1,4,68,87,169,20222023,255.5,3.1159
Sean Kuraly,CBJ,C,C,71,11,9,20,-28,2,68,187,46,100,20222023,113.8,1.6028
Milan Lucic,CGY,W,W,77,7,12,19,-13,0,43,168,15,73,20222023,93.8,1.2182
Robert Thomas,STL,C,C,73,18,47,65,-8,1,22,15,29,106,20222023,178.5,2.4452
Jordan Kyrou,STL,C,CW,79,37,36,73,-38,1,22,14,35,272,20222023,239.3,3.0291
Seth Jarvis,CAR,C,CW,82,14,25,39,10,1,12,73,48,187,20222023,161.4,1.9683
Shea Theodore,VGK,D,D,55,8,33,41,16,0,18,16,86,136,20222023,151,2.7455
Anthony Duclair,FLA,W,W,20,2,7,9,4,0,2,20,9,43,20222023,36.5,1.825
Lucas Carlsson,FLA,D,D,2,0,0,0,-1,0,2,3,1,2,20222023,1,0.5
Kevin Hayes,PHI,C,C,81,18,36,54,-22,0,23,52,22,209,20222023,178.2,2.2
Jonah Gadjovich,SJS,W,W,35,3,4,7,-3,0,57,92,5,32,20222023,42.4,1.2114
Simon Holmstrom,NYI,W,W,50,6,3,9,-4,0,0,9,22,39,20222023,39,0.78
Alex Killorn,TBL,W,W,82,27,37,64,18,2,45,61,31,143,20222023,210.5,2.5671
Rasmus Asplund,BUF/NAS,C,C,46,2,6,8,-6,1,4,23,11,54,20222023,34.9,0.7587
Jake Muzzin,TOR,D,D,4,0,1,1,0,0,2,11,10,8,20222023,8.8,2.2
Artem Zub,OTT,D,D,53,3,7,10,2,0,39,131,67,41,20222023,78.1,1.4736
Esa Lindell,DAL,D,D,82,8,16,24,29,2,10,87,147,116,20222023,149.4,1.822
Josh Leivo,STL,W,W,51,4,12,16,0,0,25,55,13,91,20222023,69.1,1.3549
Brett Ritchie,CGY/ARI,W,W,50,8,5,13,0,0,25,77,9,68,20222023,65.7,1.314
Vladislav Namestnikov,TBL/WPG,C,C,77,8,17,25,5,0,35,108,39,108,20222023,114.4,1.4857
Ian Mitchell,CHI,D,D,35,1,7,8,-8,0,8,16,37,25,20222023,33.9,0.9686
Matt Boldy,MIN,W,W,81,31,32,63,1,0,39,65,26,255,20222023,229.1,2.8284
Oskar Sundqvist,DET/MIN,C,C,67,10,18,28,-4,0,28,63,28,69,20222023,99.6,1.4866
Nick Holden,OTT,D,D,65,2,14,16,0,1,10,79,69,73,20222023,85.1,1.3092
Fabian Zetterlund,NJD/SJS,W,W,67,6,17,23,-6,0,14,53,20,118,20222023,90.4,1.3493
Philipp Kurashev,CHI,C,C,70,9,16,25,-32,0,14,38,34,116,20222023,90.4,1.2914
Jani Hakanpää,DAL,D,D,82,6,10,16,18,0,60,224,128,86,20222023,143.8,1.7537
Joel Farabee,PHI,W,W,82,15,24,39,-1,0,41,71,45,145,20222023,149.4,1.822
Corey Perry,TBL,W,W,81,12,13,25,-28,0,95,48,25,116,20222023,93.9,1.1593
Arthur Kaliyev,LAK,W,W,56,13,15,28,-5,0,12,40,10,122,20222023,102.9,1.8375
Barclay Goodrow,NYR,C,C,82,11,20,31,3,1,58,122,64,89,20222023,135.3,1.65
Nathan Walker,STL,W,W,56,2,8,10,10,0,25,82,35,43,20222023,60.5,1.0804
Kyle Criscuolo,SJS,C,C,1,1,0,1,0,0,0,2,1,2,20222023,4.1,4.1
Philip Broberg,EDM,D,D,46,1,7,8,6,0,2,28,35,32,20222023,41.3,0.8978
Max Jones,ANA,W,W,69,9,10,19,-21,0,77,110,18,107,20222023,89.5,1.2971
Martin Necas,CAR,C,CW,82,28,43,71,5,1,32,57,21,240,20222023,237.2,2.8927
Christian Fischer,ARI,W,W,80,13,14,27,-7,1,20,126,37,122,20222023,125.6,1.57
Eric Robinson,CBJ,W,W,72,12,12,24,-21,2,6,124,32,98,20222023,107.7,1.4958
Artemi Panarin,NYR,W,W,82,29,63,92,4,0,36,26,11,204,20222023,263.5,3.2134
Blake Lizotte,LAK,C,C,81,11,23,34,11,2,70,96,39,108,20222023,134.8,1.6642
K'Andre Miller,NYR,D,D,79,9,34,43,12,2,47,162,105,113,20222023,185.1,2.343
Sammy Blais,NYR/STL,W,W,71,9,16,25,4,0,30,238,35,70,20222023,132.3,1.8634
Morgan Barron,WPG,C,C,70,8,13,21,4,3,31,118,44,112,20222023,110.4,1.5771
Adam Boqvist,CBJ,D,D,46,5,19,24,-12,0,8,23,47,68,20222023,81.7,1.7761
Dylan Gambrell,OTT,C,C,60,4,6,10,-4,2,35,60,45,46,20222023,57.5,0.9583
Reilly Smith,VGK,W,W,78,26,30,56,11,4,16,69,32,180,20222023,200.7,2.5731
Jamie Drysdale,ANA,D,D,8,0,0,0,-3,0,2,7,6,8,20222023,3.9,0.4875
Sidney Crosby,PIT,C,C,82,33,60,93,8,0,52,71,47,255,20222023,300.7,3.6671
Mason Appleton,WPG,C,C,41,5,11,16,2,0,8,47,11,71,20222023,64.5,1.5732
Jon Merrill,MIN,D,D,73,2,10,12,-2,0,38,47,107,43,20222023,75.5,1.0342
Carter Verhaeghe,FLA,C,CW,81,42,31,73,10,0,46,29,31,275,20222023,261.1,3.2235
Luke Glendening,DAL,C,C,70,3,3,6,-9,2,50,114,60,65,20222023,66.1,0.9443
Reese Johnson,CHI,C,C,57,4,2,6,-15,0,38,178,23,54,20222023,64.8,1.1368
Roman Josi,NAS,D,D,67,18,41,59,5,0,36,51,146,269,20222023,245.3,3.6612
Chandler Stephenson,VGK,C,C,81,16,49,65,12,3,26,74,56,120,20222023,205.2,2.5333
Jake Middleton,MIN,D,D,79,3,12,15,15,1,72,115,155,79,20222023,122.8,1.5544
Mikey Anderson,LAK,D,D,77,5,15,20,20,1,40,162,129,90,20222023,140.1,1.8195
Steven Lorentz,SJS,C,C,80,10,9,19,-18,2,16,133,46,111,20222023,105.2,1.315
Travis Sanheim,PHI,D,D,81,7,16,23,-5,1,40,61,137,111,20222023,127,1.5679
Matt Grzelcyk,BOS,D,D,75,4,22,26,46,0,28,51,78,102,20222023,123.8,1.6507
Sam Lafferty,CHI/TOR,C,C,70,12,15,27,-11,5,37,125,33,102,20222023,118,1.6857
David Gustafsson,WPG,C,C,46,0,6,6,2,1,6,25,18,45,20222023,32,0.6957
David Perron,DET,W,W,82,24,32,56,-7,0,52,107,24,195,20222023,201.5,2.4573
Brandon Hagel,TBL,W,W,81,30,34,64,23,3,54,68,58,178,20222023,231.5,2.858
Kevin Labanc,SJS,W,W,72,15,18,33,-17,0,36,70,28,129,20222023,124.1,1.7236
Jack Drury,CAR,C,C,38,2,6,8,3,0,14,12,16,69,20222023,39.9,1.05
Braden Schneider,NYR,D,D,81,5,13,18,9,0,16,147,130,79,20222023,127.9,1.579
Jack Eichel,VGK,C,C,67,27,39,66,26,1,6,59,56,223,20222023,240,3.5821
Dawson Mercer,NJD,C,CW,82,27,29,56,22,2,14,36,63,161,20222023,203.9,2.4866
Rickard Rakell,PIT,W,W,82,28,32,60,-5,0,16,141,53,243,20222023,239.2,2.9171
Tanner Pearson,VAN,W,W,14,1,4,5,-9,0,21,20,3,17,20222023,16.6,1.1857
Vitali Kravtsov,NYR/VAN,W,W,44,4,4,8,3,0,10,28,15,43,20222023,39.6,0.9
Tim Berni,CBJ,D,D,59,1,2,3,-26,0,34,122,74,58,20222023,57.4,0.9729
Jake Sanderson,OTT,D,D,77,4,28,32,-6,0,12,43,147,132,20222023,145.3,1.887
Derick Brassard,OTT,C,C,62,13,10,23,3,0,30,90,10,92,20222023,99.3,1.6016
Marco Kasper,DET,C,C,1,0,0,0,0,0,0,3,0,1,20222023,0.8,0.8
Maxime Lajoie,CAR,D,D,3,0,0,0,0,0,0,2,0,2,20222023,0.8,0.2667
Kailer Yamamoto,EDM,W,W,58,10,15,25,12,2,24,77,24,97,20222023,105.6,1.8207
Adam Henrique,ANA,C,CW,62,22,16,38,-8,0,22,28,46,132,20222023,141.4,2.2806
Patrick Brown,PHI/OTT,C,C,61,4,8,12,-2,1,44,167,42,60,20222023,85.4,1.4
Joel Kiviranta,DAL,W,W,70,8,1,9,-9,1,40,117,20,85,20222023,69.7,0.9957
Kyle Connor,WPG,W,W,82,31,49,80,-11,0,20,43,24,273,20222023,258.1,3.1476
Jan Rutta,PIT,D,D,56,3,6,9,3,0,30,71,70,64,20222023,69.9,1.2482
Zach Whitecloud,VGK,D,D,59,5,7,12,10,0,41,90,97,64,20222023,91.9,1.5576
Peyton Krebs,BUF,C,C,74,9,17,26,-8,1,50,93,20,78,20222023,98.8,1.3351
Calle Jarnkrok,TOR,C,CW,73,20,19,39,9,3,14,50,19,106,20222023,137.6,1.8849
Brock McGinn,PIT/ANA,W,W,75,12,7,19,-6,2,21,84,43,91,20222023,96.1,1.2813
Patrick Kane,CHI/NYR,W,W,73,21,36,57,-22,0,16,13,19,227,20222023,182.1,2.4945
Tanner Jeannot,NAS/TBL,W,W,76,6,12,18,-7,1,107,290,62,107,20222023,137.9,1.8145
Kirill Kaprizov,MIN,W,W,67,40,35,75,4,0,45,66,28,261,20222023,265,3.9552
Patrik Laine,CBJ,W,W,55,22,30,52,-12,0,16,27,27,184,20222023,172.7,3.14
Jake Livingstone,NAS,D,D,5,0,1,1,-2,0,2,6,11,3,20222023,6.5,1.3
MacKenzie Weegar,CGY,D,D,81,4,27,31,15,1,43,186,117,160,20222023,174.8,2.158
Brady Tkachuk,OTT,W,W,82,35,48,83,-10,0,126,242,9,347,20222023,318.5,3.8841
Darren Helm,COL,C,C,11,0,0,0,-1,0,4,16,3,10,20222023,5.8,0.5273
Colton White,ANA,D,D,46,0,6,6,-17,0,8,34,37,30,20222023,30.8,0.6696
Nick Seeler,PHI,D,D,77,4,10,14,1,1,56,126,161,84,20222023,122.6,1.5922
Ondrej Kase,CAR,W,W,1,0,0,0,0,0,0,1,0,0,20222023,0.2,0.2
Colin Blackwell,CHI,C,C,53,2,8,10,-16,1,6,49,17,53,20222023,42.7,0.8057
Pierre Engvall,TOR/NYI,W,W,76,17,13,30,8,0,31,47,6,131,20222023,116.8,1.5368
Teuvo Teravainen,CAR,W,W,68,12,25,37,11,3,16,15,18,144,20222023,126.5,1.8603
Martin Fehervary,WAS,D,D,67,6,10,16,-11,0,31,217,128,91,20222023,134.7,2.0104
Brock Boeser,VAN,W,W,74,18,37,55,-20,0,24,49,32,178,20222023,177,2.3919
Pierre-Olivier Joseph,PIT,D,D,75,5,16,21,8,0,44,88,36,108,20222023,99.4,1.3253
John Carlson,WAS,D,D,40,9,20,29,-7,1,12,42,87,124,20222023,124.2,3.105
Jason Zucker,PIT,W,W,78,27,21,48,-4,0,47,198,29,197,20222023,209.5,2.6859
Matej Blumel,DAL,W,W,6,1,0,1,-2,0,0,7,2,7,20222023,5.8,0.9667
Miles Wood,NJD,W,W,76,13,14,27,1,0,76,100,19,167,20222023,126.4,1.6632
Victor Mete,TOR,D,D,11,0,2,2,3,0,4,3,9,7,20222023,9.6,0.8727
Alexey Toropchenko,STL,W,W,69,10,9,19,6,1,12,122,46,86,20222023,105.2,1.5246
Max Pacioretty,CAR,W,W,5,3,0,3,0,0,2,4,1,16,20222023,13.3,2.66
Jakub Zboril,BOS,D,D,22,1,3,4,-1,0,6,31,19,13,20222023,23.2,1.0545
Brad Malone,EDM,C,C,10,0,0,0,-4,0,6,26,4,7,20222023,6.6,0.66
Jayson Megna,COL/ANA,C,C,55,2,6,8,-21,0,6,47,23,36,20222023,35.2,0.64
Travis Dermott,VAN,D,D,11,1,0,1,-4,0,2,10,10,7,20222023,8.2,0.7455
Nico Sturm,SJS,C,C,74,14,12,26,-13,1,23,100,45,119,20222023,119.4,1.6135
Ryan Graves,NJD,D,D,78,8,18,26,34,2,28,83,152,141,20222023,160.6,2.059
Alex Newhook,COL,C,C,82,14,16,30,0,0,22,60,26,116,20222023,117,1.4268
Sam Bennett,FLA,C,C,63,16,24,40,5,0,54,150,35,193,20222023,176.6,2.8032
Paul Stastny,CAR,C,C,73,9,13,22,4,0,16,21,18,80,20222023,79.8,1.0932
Matt Kiersted,FLA,D,D,20,1,3,4,4,0,6,13,7,14,20222023,17.7,0.885
Brenden Dillon,WPG,D,D,82,2,21,23,2,1,76,198,108,83,20222023,137.2,1.6732
Moritz Seider,DET,D,D,82,5,37,42,-11,2,40,207,190,140,20222023,212.1,2.5866
Pierre-Edouard Bellemare,TBL,W,W,73,4,9,13,-9,2,34,67,48,51,20222023,65.3,0.8945
Kaapo Kakko,NYR,W,W,82,18,22,40,12,0,8,26,27,125,20222023,139.9,1.7061
Liam Foudy,CBJ,C,C,62,7,7,14,-26,0,8,60,18,67,20222023,58,0.9355
Tyler Seguin,DAL,C,CW,76,21,29,50,3,2,24,84,23,189,20222023,183.4,2.4132
Nazem Kadri,CGY,C,C,82,24,32,56,-19,0,56,99,31,267,20222023,212.8,2.5951
Mario Ferraro,SJS,D,D,72,4,7,11,-31,0,24,129,145,66,20222023,99.2,1.3778
Tobias Bjornfot,LAK,D,D,10,0,1,1,1,0,6,12,11,10,20222023,10,1
Quinn Hughes,VAN,D,D,78,7,69,76,15,1,34,29,71,154,20222023,221.4,2.8385
Tomas Tatar,NJD,W,W,82,20,28,48,41,0,30,65,30,153,20222023,180.9,2.2061
Josh Morrissey,WPG,D,D,78,16,60,76,2,0,41,89,119,172,20222023,256.5,3.2885
Devon Toews,COL,D,D,80,7,43,50,39,0,26,93,138,165,20222023,211.7,2.6462
Noah Cates,PHI,W,CW,82,13,25,38,3,2,12,86,65,107,20222023,148,1.8049
Andrei Kuzmenko,VAN,W,W,81,39,35,74,9,0,8,13,18,143,20222023,226.3,2.7938
Logan Couture,SJS,C,C,82,27,40,67,-30,1,19,128,70,198,20222023,238.2,2.9049
Alexis Lafrenière,NYR,W,W,81,16,23,39,10,0,33,141,28,135,20222023,160.6,1.9827
Elias Pettersson,VAN,C,C,80,39,63,102,16,9,14,74,89,257,20222023,340.7,4.2588
Taylor Hall,BOS,W,W,61,16,20,36,11,0,24,35,33,150,20222023,138.2,2.2656
David Pastrnak,BOS,W,W,82,61,52,113,34,0,38,91,33,407,20222023,406.7,4.9598
Marc Staal,FLA,D,D,82,3,12,15,10,0,43,152,122,55,20222023,114,1.3902
Kasperi Kapanen,PIT/STL,W,W,66,15,19,34,-8,1,18,99,20,116,20222023,129.6,1.9636
Michael Pezzetta,MTL,W,W,63,7,8,15,-4,0,77,239,28,70,20222023,106,1.6825
Ryan Murray,EDM,D,D,13,0,3,3,-4,0,4,11,12,8,20222023,12.2,0.9385
Auston Matthews,TOR,C,C,74,40,45,85,31,0,20,78,92,327,20222023,327.9,4.4311
Filip Hronek,DET/VAN,D,D,64,9,30,39,7,0,34,102,58,124,20222023,151.7,2.3703
Kaiden Guhle,MTL,D,D,44,4,14,18,-19,0,27,84,77,48,20222023,83.8,1.9045
Tony DeAngelo,PHI,D,D,70,11,31,42,-27,0,73,52,79,174,20222023,155.8,2.2257
Mason Marchment,DAL,W,W,68,12,19,31,-6,0,80,88,39,148,20222023,131.1,1.9279
Nikita Zaitsev,OTT/CHI,D,D,46,1,7,8,-9,0,20,95,72,20,20222023,58.9,1.2804
Warren Foegele,EDM,W,W,67,13,15,28,7,1,28,96,22,126,20222023,122.1,1.8224
Gabriel Vilardi,LAK,W,C,63,23,18,41,10,0,18,41,33,122,20222023,150.5,2.3889
Jimmy Vesey,NYR,W,W,81,11,14,25,13,1,20,98,40,123,20222023,121.1,1.4951
Frederick Gaudreau,MIN,C,C,82,19,19,38,10,5,10,42,52,138,20222023,149.6,1.8244
Mason Shaw,MIN,C,C,59,7,10,17,-1,2,79,87,27,92,20222023,84.6,1.4339
Cole Perfetti,WPG,C,C,51,8,22,30,10,0,16,35,22,90,20222023,102.6,2.0118
Viktor Arvidsson,LAK,W,W,77,26,33,59,-4,1,24,25,48,228,20222023,207.8,2.6987
Tim Stutzle,OTT,W,CW,78,39,51,90,-3,3,54,114,49,228,20222023,301.2,3.8615
Connor Murphy,CHI,D,D,80,7,6,13,-10,2,69,165,160,85,20222023,128,1.6
Zac Dalpe,FLA,C,C,14,2,2,4,-4,0,2,15,6,17,20222023,17,1.2143
Shane Pinto,OTT,C,C,82,20,15,35,-21,0,18,71,49,158,20222023,144.2,1.7585
Evander Kane,EDM,W,W,41,16,12,28,-4,2,53,124,15,146,20222023,129.3,3.1537
Ryan Lindgren,NYR,D,D,63,1,17,18,29,2,45,68,92,75,20222023,101.9,1.6175
Justin Holl,TOR,D,D,80,2,16,18,15,0,39,151,139,60,20222023,126.4,1.58
John Klingberg,ANA/MIN,D,D,67,10,23,33,-25,0,34,55,84,112,20222023,127.1,1.897
Jared Spurgeon,MIN,D,D,79,11,23,34,32,1,14,66,179,149,20222023,185.3,2.3456
Bryan Rust,PIT,W,W,81,20,26,46,-4,1,31,98,50,211,20222023,187.6,2.316
Eric Staal,FLA,C,C,72,14,15,29,-5,2,26,27,45,106,20222023,110.6,1.5361
Tyler Motte,OTT/NYR,C,W,62,8,11,19,3,1,6,118,60,109,20222023,110.3,1.779
Claude Giroux,OTT,W,CW,82,35,44,79,4,1,34,75,30,214,20222023,261,3.1829
Joel Eriksson Ek,MIN,C,C,78,23,38,61,4,3,44,119,55,247,20222023,235.9,3.0244
Alexander Kerfoot,TOR,C,C,82,10,22,32,8,2,30,54,46,133,20222023,127.6,1.5561
Derek Ryan,EDM,C,C,80,13,7,20,11,3,28,54,42,92,20222023,98.1,1.2262
Jack Roslovic,CBJ,C,C,77,11,33,44,-14,3,10,42,53,123,20222023,143.7,1.8662
Anton Lundell,FLA,C,C,73,12,21,33,1,2,43,29,32,152,20222023,124.1,1.7
Kyle Okposo,BUF,W,W,75,11,17,28,-7,1,34,78,25,150,20222023,118,1.5733
Calle Rosen,STL,D,D,49,8,10,18,19,0,8,16,51,62,20222023,80.6,1.6449
Fredrik Olofsson,DAL,W,W,28,1,3,4,0,0,2,32,8,34,20222023,24.6,0.8786
Tanner Laczynski,PHI,C,C,32,2,2,4,-5,0,2,30,10,23,20222023,22.1,0.6906
Luke Hughes,NJD,D,D,2,1,1,2,0,0,0,1,3,2,20222023,6.5,3.25
Dominik Kubalik,DET,W,W,81,20,25,45,-15,0,24,89,26,174,20222023,165.9,2.0481
Mathieu Joseph,OTT,W,W,56,3,15,18,5,3,36,80,28,66,20222023,78.1,1.3946
TJ Brodie,TOR,D,D,58,2,12,14,10,1,14,47,111,58,20222023,87.3,1.5052
Kyle Capobianco,WPG,D,D,14,2,0,2,1,0,6,12,6,14,20222023,13.3,0.95
Frank Vatrano,ANA,W,CW,81,22,19,41,-29,0,66,86,75,231,20222023,181.2,2.237
Nick Ritchie,ARI/CGY,W,W,74,13,13,26,-21,0,53,218,32,120,20222023,135.9,1.8365
Wyatt Kaiser,CHI,D,D,9,0,3,3,-4,0,4,5,10,14,20222023,11.6,1.2889
Brett Kulak,EDM,D,D,82,3,17,20,11,3,41,105,106,114,20222023,121.9,1.4866
Juuso Valimaki,ARI,D,D,78,4,30,34,-10,0,59,53,98,93,20222023,127.6,1.6359
JJ Peterka,BUF,W,W,77,12,20,32,-15,0,26,18,10,125,20222023,103.1,1.339
Alexandre Carrier,NAS,D,D,43,2,7,9,0,0,27,57,67,48,20222023,61.1,1.4209
Josh Anderson,MTL,W,W,69,21,11,32,-8,1,72,139,49,164,20222023,157.9,2.2884
Adam Lowry,WPG,C,C,82,13,23,36,4,5,48,161,46,126,20222023,157.4,1.9195
Matt Nieto,SJS/COL,W,W,81,12,12,24,-15,0,16,43,32,115,20222023,96.7,1.1938
Jonatan Berggren,DET,W,W,67,15,13,28,-14,0,16,20,28,98,20222023,98.8,1.4746
Dylan DeMelo,WPG,D,D,75,6,21,27,10,3,50,120,102,93,20222023,136.2,1.816
Jeffrey Viel,SJS,W,W,4,0,0,0,0,0,2,6,2,4,20222023,2.6,0.65
Nathan Bastian,NJD,W,W,43,6,9,15,7,0,31,99,38,62,20222023,81.7,1.9
Brayden McNabb,VGK,D,D,82,1,16,17,17,2,51,201,198,89,20222023,157.5,1.9207
Tommy Novak,NAS,C,C,51,17,26,43,5,0,8,9,23,93,20222023,131.8,2.5843
Gavin Bayreuther,CBJ,D,D,51,2,12,14,-18,0,23,54,71,61,20222023,68.9,1.351
Phillip Danault,LAK,C,C,82,18,36,54,-8,2,63,81,75,152,20222023,192.7,2.35
Johnathan Kovacevic,MTL,D,D,77,3,12,15,3,0,39,93,86,92,20222023,96.7,1.2558
Sam Reinhart,FLA,C,CW,82,31,36,67,-12,3,12,58,49,227,20222023,233.1,2.8427
Boone Jenner,CBJ,C,CW,68,26,19,45,-32,0,51,129,70,214,20222023,196,2.8824
Simon Edvinsson,DET,D,D,9,2,0,2,-7,0,12,11,8,5,20222023,9.5,1.0556
Mike Matheson,MTL,D,D,48,8,26,34,7,2,33,53,80,126,20222023,137.9,2.8729
Gustav Lindstrom,DET,D,D,36,1,7,8,-16,0,20,39,34,18,20222023,33.8,0.9389
Shayne Gostisbehere,ARI/CAR,D,D,75,13,28,41,-5,2,32,46,89,155,20222023,160.4,2.1387
Caleb Jones,CHI,D,D,73,4,12,16,-19,0,40,116,118,86,20222023,106.1,1.4534
Logan Brown,STL,C,C,30,2,4,6,-4,0,8,22,7,18,20222023,22.9,0.7633
Justin Barron,MTL,D,D,39,4,11,15,-2,1,20,49,38,40,20222023,62.6,1.6051
Pius Suter,DET,C,C,79,14,10,24,-3,2,6,39,37,106,20222023,101.2,1.281
Jonathan Marchessault,VGK,W,W,76,28,29,57,2,0,21,76,17,234,20222023,209.7,2.7592
Owen Power,BUF,D,D,79,4,31,35,10,1,24,27,86,130,20222023,134.2,1.6987
Cam York,PHI,D,D,54,2,18,20,-1,1,18,44,69,42,20222023,79.6,1.4741
Cody Ceci,EDM,D,D,80,1,14,15,11,0,24,139,110,88,20222023,112.7,1.4088
Chad Ruhwedel,PIT,D,D,47,1,4,5,-4,0,18,90,51,36,20222023,50.3,1.0702
Andrei Svechnikov,CAR,W,W,64,23,32,55,6,0,71,140,17,205,20222023,208.9,3.2641
Vincent Desharnais,EDM,D,D,36,0,5,5,15,1,31,45,48,17,20222023,41.3,1.1472
Jordan Spence,LAK,D,D,6,0,1,1,1,0,0,3,3,6,20222023,5,0.8333
Cale Makar,COL,D,D,60,17,49,66,16,0,30,65,78,176,20222023,225.4,3.7567
Brent Burns,CAR,D,D,82,18,43,61,19,0,44,40,86,255,20222023,230.5,2.811
Victor Hedman,TBL,D,D,76,9,40,49,10,3,42,95,136,185,20222023,206.8,2.7211
Urho Vaakanainen,ANA,D,D,23,0,2,2,-16,0,0,18,28,27,20222023,16.6,0.7217
Filip Chytil,NYR,C,C,74,22,23,45,15,0,30,36,38,177,20222023,170.5,2.3041
Zach Aston-Reese,TOR,C,C,77,10,4,14,-6,0,25,163,43,89,20222023,99.5,1.2922
Erik Haula,NJD,W,W,80,14,27,41,13,3,47,92,54,164,20222023,167.3,2.0912
Nic Dowd,WAS,C,C,65,13,12,25,6,1,26,136,61,62,20222023,122.7,1.8877
Andreas Athanasiou,CHI,C,C,81,20,20,40,-29,0,34,43,44,175,20222023,148.1,1.8284
Jeff Petry,PIT,D,D,61,5,26,31,2,0,24,190,111,113,20222023,161.5,2.6475
Brandon Montour,FLA,D,D,80,16,57,73,9,0,107,92,93,242,20222023,259.4,3.2425
Nathan Beaulieu,ANA,D,D,52,0,4,4,-23,0,39,49,80,33,20222023,41.5,0.7981
Mika Zibanejad,NYR,C,C,82,39,52,91,25,2,20,71,48,251,20222023,307.3,3.7476
Darnell Nurse,EDM,D,D,82,12,31,43,26,3,64,146,164,203,20222023,224.8,2.7415
Dillon Dube,CGY,C,CW,82,18,27,45,-6,2,47,136,21,151,20222023,169.9,2.072
Anthony Beauvillier,NYI/VAN,W,W,82,18,22,40,-10,0,24,78,30,176,20222023,154.8,1.8878
Sean Durzi,LAK,D,D,72,9,29,38,-12,0,50,68,142,110,20222023,159.6,2.2167
Nicholas Robertson,TOR,W,W,15,2,3,5,2,0,0,18,7,27,20222023,23.7,1.58
Jacob MacDonald,COL/SJS,D,D,58,1,7,8,-14,0,23,69,43,75,20222023,54.5,0.9397
Adrian Kempe,LAK,W,CW,82,41,26,67,22,3,55,119,32,250,20222023,265,3.2317
Cam Fowler,ANA,D,D,82,10,38,48,-23,0,14,18,104,130,20222023,159.9,1.95
Henri Jokiharju,BUF,D,D,60,3,10,13,-12,0,30,63,58,79,20222023,71.2,1.1867
Trent Frederic,BOS,C,CW,79,17,14,31,28,1,57,105,36,120,20222023,143.2,1.8127
Matias Maccelli,ARI,W,W,64,11,38,49,0,0,18,24,20,61,20222023,132,2.0625
Arber Xhekaj,MTL,D,D,51,5,8,13,-9,0,101,159,46,75,20222023,88.9,1.7431
Mark Borowiecki,NAS,D,D,4,0,0,0,0,0,12,5,1,1,20222023,1.5,0.375
Rasmus Ristolainen,PHI,D,D,74,3,17,20,-4,3,32,162,142,86,20222023,134,1.8108
Tomas Nosek,BOS,W,W,66,7,11,18,9,2,48,69,31,69,20222023,82.6,1.2515
Alex Pietrangelo,VGK,D,D,73,11,43,54,13,2,16,65,177,170,20222023,223,3.0548
Kris Letang,PIT,D,D,64,12,29,41,-13,1,30,162,108,161,20222023,187.1,2.9234
Tyler Johnson,CHI,C,C,56,12,20,32,-21,0,16,49,25,125,20222023,112,2
Denis Gurianov,DAL/MTL,W,W,66,7,10,17,-9,0,10,43,27,116,20222023,78.2,1.1848
Tyler Myers,VAN,D,D,78,1,16,17,-16,1,76,93,144,100,20222023,112,1.4359
Marcus Pettersson,PIT,D,D,68,1,23,24,4,0,58,133,131,96,20222023,135.3,1.9897
Scott Mayfield,NYI,D,D,82,6,18,24,8,0,83,107,168,119,20222023,152,1.8537
Henry Thrun,SJS,D,D,8,0,2,2,-3,0,0,4,9,7,20222023,8,1
Nick Blankenburg,CBJ,D,D,36,4,10,14,-16,0,16,61,49,50,20222023,64.1,1.7806
David Savard,MTL,D,D,62,3,17,20,-14,1,40,61,176,63,20222023,116.4,1.8774
Ross Johnston,NYI,W,W,16,0,2,2,-1,0,37,34,5,2,20222023,12.4,0.775
Jakub Vrana,DET/STL,W,W,25,11,5,16,3,0,10,14,6,63,20222023,61.1,2.444
Sean Walker,LAK,D,D,70,3,10,13,-3,0,36,77,104,94,20222023,93.5,1.3357
Niko Mikkola,STL/NYR,D,D,81,1,5,6,6,0,58,151,106,62,20222023,89.2,1.1012
A.J. Greer,BOS,W,W,61,5,7,12,9,0,114,101,25,66,20222023,72.6,1.1902
Elias Lindholm,CGY,C,C,80,22,42,64,6,3,14,98,50,186,20222023,223.6,2.795
Timothy Liljegren,TOR,D,D,67,6,12,18,24,2,30,107,93,84,20222023,115.3,1.7209
Matt Dumba,MIN,D,D,79,4,10,14,-8,0,81,104,116,99,20222023,105,1.3291
Patrice Bergeron,BOS,C,C,78,27,31,58,35,2,22,66,54,249,20222023,232.7,2.9833
Max Domi,CHI/DAL,C,CW,80,20,36,56,-15,0,82,22,24,179,20222023,174.9,2.1863
Colton Sissons,NAS,C,C,82,12,18,30,-4,1,20,164,72,87,20222023,142.6,1.739
Nino Niederreiter,NAS/WPG,W,W,78,24,17,41,-13,0,22,165,33,181,20222023,181.2,2.3231
Ilya Lyubushkin,BUF,D,D,68,2,12,14,-2,2,38,99,104,41,20222023,88.6,1.3029
Thomas Harley,DAL,D,D,6,0,2,2,5,0,2,1,8,8,20222023,9.7,1.6167
Keegan Kolesar,VGK,W,W,74,8,10,18,6,0,68,279,31,63,20222023,123.5,1.6689
Erik Karlsson,SJS,D,D,82,25,76,101,-26,0,36,33,90,209,20222023,294.6,3.5927
Darren Raddysh,TBL,D,D,17,1,2,3,-4,0,4,25,16,25,20222023,20.6,1.2118
Dougie Hamilton,NJD,D,D,82,22,52,74,23,0,50,64,86,275,20222023,270.5,3.2988
Tomas Hertl,SJS,C,C,79,22,41,63,-36,0,42,91,57,183,20222023,209.1,2.6468
Jonathan Drouin,MTL,W,W,58,2,27,29,-18,0,18,29,23,69,20222023,81.1,1.3983
Alexander Edler,LAK,D,D,64,2,9,11,-1,0,34,106,104,56,20222023,87.3,1.3641
Andrew Copp,DET,C,C,82,9,33,42,2,1,25,32,45,120,20222023,137.5,1.6768
Noel Acciari,STL/TOR,C,C,77,14,9,23,-4,2,21,244,81,102,20222023,152.3,1.9779
Brayden Point,TBL,C,C,82,51,44,95,2,0,7,37,37,235,20222023,307.1,3.7451
Kyle Burroughs,VAN,D,D,48,2,3,5,-4,0,62,165,84,47,20222023,78.4,1.6333
Nikita Kucherov,TBL,W,W,82,30,83,113,-2,0,36,61,28,271,20222023,330.2,4.0268
Jack Hughes,NJD,C,CW,78,43,56,99,10,0,6,12,30,336,20222023,322.6,4.1359
Brendan Smith,NJD,D,D,60,0,5,5,3,1,63,102,76,58,20222023,65.7,1.095
Jackson LaCombe,ANA,D,D,2,0,0,0,-1,0,0,1,9,1,20222023,2.8,1.4
Ryan McLeod,EDM,C,C,57,11,12,23,4,3,18,40,20,78,20222023,87.8,1.5404
J.T. Miller,VAN,C,CW,81,32,50,82,-7,9,60,200,51,223,20222023,293.8,3.6272
Miro Heiskanen,DAL,D,D,79,11,62,73,12,1,32,49,96,206,20222023,240.4,3.043
James van Riemsdyk,PHI,W,W,61,12,17,29,-3,0,28,18,20,119,20222023,102.5,1.6803
Nicolas Hague,VGK,D,D,81,3,14,17,7,0,51,117,133,103,20222023,123,1.5185
Nicolas Roy,VGK,C,C,65,14,16,30,10,1,24,83,41,101,20222023,126.1,1.94
Ty Dellandrea,DAL,C,C,82,9,19,28,9,3,54,125,39,92,20222023,122.8,1.4976
Jordan Oesterle,DET,D,D,52,2,9,11,-9,0,19,41,68,54,20222023,60.7,1.1673
Jake DeBrusk,BOS,W,W,64,27,23,50,26,1,16,85,22,191,20222023,196.6,3.0719
Dakota Joshua,VAN,C,C,79,11,12,23,-16,1,60,222,30,71,20222023,119.8,1.5165
Jake Neighbours,STL,W,W,43,6,4,10,-19,0,24,63,21,53,20222023,49.8,1.1581
Adam Erne,DET,W,W,61,8,10,18,-12,1,21,160,55,55,20222023,99.9,1.6377
Conor Garland,VAN,W,W,81,17,29,46,-5,0,31,47,20,167,20222023,156.3,1.9296
Jason Dickinson,CHI,C,C,78,9,21,30,-29,4,28,112,80,114,20222023,129.5,1.6603
Riley Tufte,DAL,W,W,3,0,0,0,-1,0,0,6,0,1,20222023,1.1,0.3667
Hampus Lindholm,BOS,D,D,80,10,43,53,49,0,56,78,100,158,20222023,207.9,2.5988
Trevor Zegras,ANA,C,C,81,23,42,65,-24,0,88,46,29,184,20222023,200.5,2.4753
Jesse Puljujarvi,EDM/CAR,W,W,75,5,11,16,-13,0,32,139,26,125,20222023,93.7,1.2493
Blake Coleman,CGY,C,CW,82,18,20,38,9,2,54,107,39,188,20222023,167.4,2.0415
Brett Pesce,CAR,D,D,82,5,25,30,11,2,43,37,110,144,20222023,137.5,1.6768
Charlie McAvoy,BOS,D,D,67,7,45,52,29,0,54,84,131,105,20222023,196.8,2.9373
Brad Marchand,BOS,W,W,73,21,46,67,27,1,74,81,22,183,20222023,222.5,3.0479
Leon Draisaitl,EDM,C,CW,80,52,76,128,7,2,24,66,40,247,20222023,384.7,4.8088
Luke Schenn,VAN/TOR,D,D,70,4,18,22,8,2,84,318,98,81,20222023,159.6,2.28
Ilya Mikheyev,VAN,W,W,46,13,15,28,3,0,2,13,14,91,20222023,94.9,2.063
Jack Studnicka,BOS/VAN,C,C,48,4,4,8,-12,0,16,61,19,65,20222023,47.3,0.9854
Alex Nylander,PIT,W,W,9,1,1,2,1,0,6,12,3,11,20222023,10.8,1.2
Michael Bunting,TOR,W,W,82,23,26,49,21,0,103,85,18,174,20222023,184.5,2.25
Cole Smith,NAS,W,W,69,4,13,17,-3,2,60,198,25,64,20222023,97,1.4058
Roope Hintz,DAL,C,C,73,37,38,75,31,3,30,47,45,184,20222023,256,3.5068
Barrett Hayton,ARI,C,C,82,19,24,43,-5,1,42,83,33,178,20222023,165.6,2.0195
Jacob Trouba,NYR,D,D,82,8,22,30,7,2,63,218,196,199,20222023,212.3,2.589
Andrew Cogliano,COL,C,C,79,10,9,19,6,2,44,55,54,85,20222023,94,1.1899
Alexander Romanov,NYI,D,D,76,2,20,22,13,1,43,198,129,100,20222023,148.2,1.95
Oskar Lindblom,SJS,W,W,73,6,9,15,-16,0,18,64,24,75,20222023,66.2,0.9068
Brayden Pachal,VGK,D,D,10,0,2,2,2,0,8,27,12,18,20222023,17.2,1.72
Tucker Poolman,VAN,D,D,3,0,1,1,1,0,0,2,2,3,20222023,3.9,1.3
Tyler Pitlick,STL,C,C,61,7,9,16,-1,0,14,103,29,54,20222023,78.8,1.2918
David Kampf,TOR,C,C,82,7,20,27,6,3,8,74,29,107,20222023,107.7,1.3134
Justin Braun,PHI,D,D,51,0,2,2,-1,0,19,47,49,42,20222023,36.2,0.7098
Dylan Cozens,BUF,C,C,81,31,37,68,-3,3,41,55,30,211,20222023,228.3,2.8185
Garnet Hathaway,WAS/BOS,W,W,84,13,9,22,5,1,69,268,83,88,20222023,154.6,1.8405
John Marino,NJD,D,D,64,4,14,18,21,1,20,44,81,67,20222023,92.8,1.45
Jeff Carter,PIT,C,C,79,13,16,29,-16,1,30,80,54,139,20222023,126.2,1.5975
Evgenii Dadonov,MTL/DAL,W,W,73,7,26,33,-8,0,18,33,43,110,20222023,112.1,1.5356
Andreas Johnsson,NJD/SJS,W,W,13,0,3,3,-6,0,6,7,5,18,20222023,10.7,0.8231
Austin Wagner,CHI,W,W,7,1,1,2,-2,0,0,19,1,13,20222023,11.1,1.5857
Cole McWard,VAN,D,D,5,1,0,1,0,0,0,5,6,6,20222023,7,1.4
Zack MacEwen,PHI/LAK,C,C,56,4,6,10,-11,0,66,150,29,73,20222023,74,1.3214
Evgeny Kuznetsov,WAS,C,C,81,12,43,55,-26,0,56,43,29,172,20222023,165.9,2.0481
Cal Clutterbuck,NYI,W,W,49,6,6,12,9,0,30,194,33,44,20222023,90.2,1.8408
Anthony Cirelli,TBL,C,C,58,11,18,29,13,2,33,34,46,111,20222023,115.7,1.9948
Phil Kessel,VGK,W,W,82,14,22,36,-7,0,30,10,28,149,20222023,124.1,1.5134
Joe Veleno,DET,C,C,81,9,11,20,-12,0,30,152,44,85,20222023,106,1.3086
Nicolas Aube-Kubel,TOR/WAS,W,W,53,4,8,12,1,0,50,117,9,67,20222023,67.8,1.2792
Ben Chiarot,DET,D,D,76,5,14,19,-31,0,51,147,163,110,20222023,134,1.7632
Pat Maroon,TBL,W,W,80,5,9,14,-5,0,150,172,12,62,20222023,81.9,1.0238
Rasmus Dahlin,BUF,D,D,78,15,58,73,12,0,92,105,132,204,20222023,266,3.4103
Kurtis MacDermid,COL,D,D,44,1,5,6,-1,0,55,86,31,20,20222023,43.2,0.9818
Mats Zuccarello,MIN,W,W,78,22,45,67,-3,0,26,51,51,198,20222023,220.2,2.8231
Robert Bortuzzo,STL,D,D,43,2,3,5,9,0,29,64,49,30,20222023,48.2,1.1209
Jeff Skinner,BUF,W,W,79,35,47,82,15,0,39,21,14,242,20222023,260.3,3.2949
Kent Johnson,CBJ,C,CW,79,16,24,40,-19,0,14,15,30,126,20222023,127.5,1.6139
Erik Gustafsson,WAS/TOR,D,D,70,7,35,42,9,0,23,52,63,122,20222023,147.4,2.1057
Matt Martin,NYI,W,W,81,7,12,19,4,0,63,295,43,82,20222023,134.5,1.6605
Saku Maenalanen,WPG,W,W,64,4,6,10,0,0,16,113,31,61,20222023,68.1,1.0641
Chris Wideman,MTL,D,D,46,0,6,6,-6,0,81,25,51,31,20222023,36.7,0.7978
Casey Mittelstadt,BUF,C,C,82,15,44,59,-8,1,22,30,16,135,20222023,168.4,2.0537
Tyler Bertuzzi,DET/BOS,W,W,50,8,22,30,-8,0,29,54,22,107,20222023,104.4,2.088
Mason McTavish,ANA,C,CW,80,17,26,43,-19,0,44,55,37,161,20222023,151.6,1.895
Neal Pionk,WPG,D,D,82,10,23,33,-12,1,44,169,129,142,20222023,173.3,2.1134
Evan Rodrigues,COL,C,CW,69,16,23,39,7,0,30,34,27,184,20222023,147.8,2.142
Rasmus Kupari,LAK,C,C,66,3,12,15,-5,1,12,80,34,53,20222023,68.3,1.0348
Nick Cousins,FLA,C,C,79,9,18,27,-1,0,38,87,36,102,20222023,111.3,1.4089
Eetu Luostarinen,FLA,C,CW,82,17,26,43,19,1,28,64,51,132,20222023,163.2,1.9902
Derek Forbort,BOS,D,D,54,5,7,12,12,2,23,106,88,38,20222023,87.8,1.6259
Travis Boyd,ARI,C,C,82,15,19,34,-32,0,26,39,59,94,20222023,117.7,1.4354
Christian Dvorak,MTL,C,C,64,10,18,28,-12,1,6,13,66,88,20222023,102.4,1.6
Gustav Nyquist,CBJ/MIN,C,W,51,11,16,27,-9,2,16,41,30,102,20222023,99.9,1.9588
Akito Hirose,VAN,D,D,7,0,3,3,-1,0,4,6,6,4,20222023,9.5,1.3571
Justin Faulk,STL,D,D,82,11,39,50,-4,0,34,112,140,196,20222023,213.4,2.6024
Guillaume Brisebois,VAN,D,D,17,1,2,3,-2,0,6,11,27,15,20222023,19.7,1.1588
Connor Dewar,MIN,C,C,81,6,12,18,-5,4,50,124,50,87,20222023,97.7,1.2062
Craig Smith,BOS/WAS,C,C,64,9,7,16,5,0,18,48,21,104,20222023,79.2,1.2375
Axel Jonsson-Fjallby,WPG,W,W,50,6,8,14,-1,1,8,43,18,54,20222023,58.5,1.17
Dylan Holloway,EDM,W,W,51,3,6,9,0,0,27,83,16,44,20222023,51.2,1.0039
Jalen Chatfield,CAR,D,D,78,6,8,14,23,2,35,78,63,93,20222023,94,1.2051
Morgan Rielly,TOR,D,D,65,4,37,41,-9,0,21,70,85,126,20222023,148,2.2769
Mattias Janmark,EDM,C,C,66,10,15,25,9,4,30,20,26,79,20222023,90.3,1.3682
Rem Pitlick,MTL,C,C,46,6,9,15,-15,1,22,23,18,30,20222023,47.5,1.0326
Kale Clague,BUF,D,D,33,0,4,4,-3,0,24,24,24,24,20222023,23.9,0.7242
Chris Tanev,CGY,D,D,65,1,12,13,7,0,21,51,130,75,20222023,93.3,1.4354
Ross Colton,TBL,C,CW,81,16,16,32,-8,0,50,188,28,153,20222023,154.2,1.9037
Brian Dumoulin,PIT,D,D,82,1,24,25,-4,2,16,123,142,82,20222023,133.4,1.6268
Bo Horvat,VAN/NYI,C,C,79,38,32,70,-1,5,18,57,55,229,20222023,251.4,3.1823
Josh Brown,ARI,D,D,68,4,3,7,-18,0,87,152,118,68,20222023,92,1.3529
Dante Fabbro,NAS,D,D,79,2,9,11,-4,0,50,113,129,101,20222023,104.3,1.3203
Radko Gudas,FLA,D,D,72,2,15,17,14,0,79,312,124,110,20222023,161.8,2.2472
Michael Rasmussen,DET,C,C,56,10,19,29,2,0,43,119,48,88,20222023,124.4,2.2214
Josh Manson,COL,D,D,27,2,8,10,13,0,42,64,41,41,20222023,59.2,2.1926
Parker Kelly,OTT,W,W,55,1,3,4,-9,1,37,172,25,59,20222023,60,1.0909
Nick Bjugstad,ARI/EDM,C,C,78,17,12,29,13,1,34,168,44,145,20222023,154.7,1.9833
Lars Eller,WAS/COL,C,C,84,10,13,23,3,1,46,93,42,140,20222023,116.1,1.3821
Kieffer Bellows,NYI/PHI,W,W,28,3,0,3,-8,0,6,48,10,32,20222023,25.6,0.9143
Jeremy Lauzon,NAS,D,D,67,3,9,12,-11,1,66,250,75,77,20222023,111.6,1.6657
Vasily Podkolzin,VAN,W,W,39,4,3,7,-5,0,9,52,15,41,20222023,39.6,1.0154
Dmitry Orlov,WAS/BOS,D,D,66,7,29,36,12,1,22,137,85,124,20222023,160.3,2.4288
Sam Steel,MIN,C,C,65,10,18,28,11,1,18,46,15,85,20222023,100,1.5385
Nate Schmidt,WPG,D,D,71,7,12,19,15,0,8,45,85,101,20222023,104.2,1.4676
Mark Giordano,TOR,D,D,78,4,20,24,27,1,53,60,147,107,20222023,137.6,1.7641
Ryan Suter,DAL,D,D,82,3,22,25,0,1,26,81,115,92,20222023,122.1,1.489
Jakob Chychrun,ARI/OTT,D,D,48,9,24,33,7,0,30,55,83,144,20222023,141.8,2.9542
Nikita Okhotiuk,NJD,D,D,10,1,0,1,1,0,2,31,9,6,20222023,13.4,1.34
Dylan Larkin,DET,C,C,80,32,47,79,-7,1,45,47,27,244,20222023,254.2,3.1775
Brady Skjei,CAR,D,D,81,18,20,38,7,1,40,71,62,188,20222023,166.5,2.0556
Nico Hischier,NJD,C,C,81,31,49,80,33,4,10,34,61,256,20222023,277.2,3.4222
Trevor van Riemsdyk,WAS,D,D,75,7,16,23,10,0,15,21,160,97,20222023,127.6,1.7013
Connor Clifton,BOS,D,D,78,5,18,23,20,1,60,208,120,93,20222023,153.2,1.9641
Nick Bonino,SJS/PIT,C,C,62,10,9,19,-5,0,28,19,79,91,20222023,92.2,1.4871
Connor McDavid,EDM,C,C,82,64,89,153,22,7,36,89,40,352,20222023,476.8,5.8146
Tom Wilson,WAS,W,W,33,13,9,22,-13,0,78,97,30,82,20222023,97.9,2.9667
Zach Hyman,EDM,W,W,79,36,47,83,13,0,39,77,19,276,20222023,282.2,3.5722
Kevin Bahl,NJD,D,D,42,2,6,8,4,0,35,64,38,27,20222023,48.8,1.1619
Juuso Parssinen,NAS,C,C,45,6,19,25,-1,0,15,76,18,49,20222023,86.1,1.9133
Logan O'Connor,COL,W,W,82,9,17,26,11,3,37,116,50,104,20222023,123.3,1.5037
Nikolai Knyzhov,SJS,D,D,12,1,0,1,-13,0,8,11,16,10,20222023,8.1,0.675
Brock Nelson,NYI,C,C,82,36,39,75,13,0,24,50,43,222,20222023,257.2,3.1366
Drew Doughty,LAK,D,D,81,9,43,52,12,0,34,115,104,145,20222023,199.8,2.4667
Julien Gauthier,NYR/OTT,W,W,57,9,5,14,-6,0,6,105,13,53,20222023,70.7,1.2404
Alex Ovechkin,WAS,W,W,73,42,33,75,-16,0,48,188,23,294,20222023,290.5,3.9795
Sean Monahan,MTL,C,C,25,6,11,17,-5,0,16,10,8,55,20222023,53.9,2.156
Cody Glass,NAS,C,C,72,14,21,35,9,0,20,62,31,131,20222023,134.6,1.8694
Alexander Holtz,NJD,W,W,19,3,1,4,-6,0,8,6,4,21,20222023,15.8,0.8316
Jake McCabe,CHI/TOR,D,D,76,3,22,25,19,0,56,163,151,96,20222023,155.8,2.05
Radim Simek,SJS,D,D,44,1,2,3,-13,0,29,89,74,39,20222023,50.9,1.1568
Yakov Trenin,NAS,C,C,77,12,12,24,-7,2,47,167,30,140,20222023,128.3,1.6662
Aidan McDonough,VAN,W,W,6,1,0,1,-2,0,2,7,2,4,20222023,5.2,0.8667
Tyler Kleven,OTT,D,D,8,0,2,2,-1,0,2,9,7,11,20222023,9.8,1.225
Jamie Benn,DAL,W,W,82,33,45,78,23,3,34,97,38,190,20222023,264.7,3.228
Trevor Lewis,CGY,C,C,82,9,11,20,-7,1,18,158,33,144,20222023,117.2,1.4293
Jack Quinn,BUF,W,W,75,14,23,37,-7,1,15,43,19,126,20222023,125.4,1.672
Adam Ruzicka,CGY,C,C,44,6,14,20,-1,0,8,28,8,64,20222023,66.5,1.5114
Taylor Raddysh,CHI,W,W,78,20,17,37,-28,0,16,82,38,129,20222023,139.2,1.7846
Jaret Anderson-Dolan,LAK,C,C,46,7,5,12,-11,0,2,61,29,54,20222023,59.4,1.2913
Andreas Englund,COL/CHI,D,D,47,0,4,4,-1,0,35,133,33,31,20222023,50.4,1.0723
Ryan Strome,ANA,C,W,82,15,26,41,-30,0,79,29,24,130,20222023,127,1.5488
Dylan Samberg,WPG,D,D,63,2,6,8,10,1,25,91,93,49,20222023,76.9,1.2206
Matt Irwin,WAS,D,D,61,2,3,5,-8,0,36,117,75,79,20222023,71.3,1.1689
Calen Addison,MIN,D,D,62,3,26,29,-17,0,22,19,38,77,20222023,86.5,1.3952
Matt Roy,LAK,D,D,82,9,17,26,8,2,22,119,153,135,20222023,160.1,1.9524
Bowen Byram,COL,D,D,42,10,14,24,7,1,38,82,54,65,20222023,105.7,2.5167
Jakob Pelletier,CGY,W,W,24,3,4,7,-5,0,2,15,14,48,20222023,32.3,1.3458
Aliaksei Protas,WAS,C,C,58,4,11,15,-8,0,12,39,15,83,20222023,60.5,1.0431
Mattias Ekholm,NAS/EDM,D,D,78,9,23,32,28,1,28,91,104,135,20222023,157.8,2.0231
Morgan Frost,PHI,C,C,81,19,27,46,-12,0,24,85,53,155,20222023,171.3,2.1148
Brandon Duhaime,MIN,W,W,51,9,1,10,6,1,42,146,18,80,20222023,81.4,1.5961
Alex Tuch,BUF,W,W,74,36,43,79,14,1,20,54,46,218,20222023,266.4,3.6
Jordan Greenway,MIN/BUF,W,W,62,6,5,11,-6,0,26,107,39,99,20222023,79.1,1.2758
Lucas Raymond,DET,W,W,74,17,28,45,-17,0,24,43,20,134,20222023,143.3,1.9365
Colin White,FLA,C,C,68,8,7,15,0,0,12,61,29,64,20222023,71.7,1.0544
David Krejci,BOS,C,C,70,16,40,56,23,0,20,41,38,112,20222023,176.9,2.5271
Jack McBain,ARI,C,C,82,12,14,26,-8,0,64,304,51,85,20222023,154.7,1.8866
Ryan O'Reilly,STL/TOR,C,C,53,16,14,30,-21,1,16,18,23,102,20222023,100.6,1.8981
Pavel Zacha,BOS,C,C,82,21,36,57,26,1,16,67,21,131,20222023,188.7,2.3012
Josh Mahura,FLA,D,D,82,4,12,16,17,0,48,101,70,78,20222023,97.9,1.1939
Evgeni Malkin,PIT,C,C,82,27,56,83,-12,0,82,53,33,240,20222023,257.9,3.1451
Brendan Gallagher,MTL,W,W,37,8,6,14,-5,0,45,18,13,93,20222023,60.6,1.6378
Alex Chiasson,DET,W,W,20,6,3,9,-8,0,6,14,7,25,20222023,31.5,1.575
Charles Hudon,COL,W,W,9,0,0,0,-2,0,2,13,2,18,20222023,6.2,0.6889
Kevin Shattenkirk,ANA,D,D,75,4,23,27,-20,0,56,79,115,145,20222023,131.3,1.7507
Artturi Lehkonen,COL,W,W,64,21,30,51,8,1,28,93,43,150,20222023,186.9,2.9203
Marcus Foligno,MIN,W,W,65,7,14,21,-6,0,97,237,40,83,20222023,123.2,1.8954
Lane Pederson,VAN/CBJ,C,C,27,3,3,6,-1,0,26,68,11,27,20222023,37,1.3704
Kirill Marchenko,CBJ,W,W,59,21,4,25,-23,0,16,34,39,131,20222023,108.8,1.8441
Beck Malenstyn,WAS,W,W,9,1,1,2,0,0,2,34,5,7,20222023,14.7,1.6333
Timo Meier,SJS/NJD,W,W,78,40,26,66,-19,0,43,154,37,327,20222023,273.6,3.5077
Olli Maatta,DET,D,D,78,6,17,23,-9,0,14,78,128,62,20222023,115.7,1.4833
Torey Krug,STL,D,D,63,7,25,32,-26,0,49,40,87,126,20222023,122.5,1.9444
Cole Caufield,MTL,W,W,46,26,10,36,-10,0,2,18,12,158,20222023,133.8,2.9087
Nick Suzuki,MTL,C,C,82,26,40,66,-13,3,33,50,56,162,20222023,213.3,2.6012
Jesper Bratt,NJD,W,W,82,32,41,73,14,0,6,24,23,212,20222023,236.3,2.8817
Matt Luff,DET,W,W,19,2,2,4,-4,0,0,22,9,20,20222023,19.9,1.0474
Jesper Fast,CAR,W,W,80,10,19,29,9,3,16,104,40,76,20222023,118.7,1.4838
Teddy Blueger,PIT/VGK,C,C,63,4,12,16,-9,1,30,71,47,85,20222023,78.6,1.2476
Nolan Foote,NJD,W,W,6,1,0,1,2,0,0,5,3,4,20222023,6.3,1.05
Jordan Martinook,CAR,W,W,82,13,21,34,7,2,61,81,31,162,20222023,141,1.7195
John Tavares,TOR,C,C,80,36,44,80,-7,0,34,112,36,277,20222023,282.5,3.5312
Mikko Rantanen,COL,W,W,82,55,50,105,15,0,82,77,41,306,20222023,358.4,4.3707
Josh Bailey,NYI,W,W,64,8,17,25,3,0,2,11,31,72,20222023,84.8,1.325
Michael McLeod,NJD,C,C,80,4,22,26,6,1,43,127,51,90,20222023,116.5,1.4562
Hunter McKown,CBJ,C,C,12,0,2,2,-4,0,8,12,5,13,20222023,9.3,0.775
Dylan Coghlan,CAR,D,D,17,0,3,3,-1,0,2,11,9,29,20222023,16.4,0.9647
Chris Kreider,NYR,W,W,79,36,18,54,21,4,26,128,24,229,20222023,228.9,2.8975
Ryan Hartman,MIN,W,CW,59,15,22,37,7,4,90,62,48,149,20222023,147.7,2.5034
Mark Kastelic,OTT,C,C,65,7,4,11,-6,0,102,154,37,73,20222023,83.7,1.2877
Drake Batherson,OTT,W,W,82,22,40,62,-35,0,33,115,35,249,20222023,218.8,2.6683
Evan Bouchard,EDM,D,D,82,8,32,40,6,1,28,95,77,156,20222023,163.1,1.989
Alex DeBrincat,OTT,W,W,82,27,39,66,-31,0,45,109,38,263,20222023,235.5,2.872
Phillip Di Giuseppe,VAN,W,W,30,6,6,12,-1,1,14,52,10,71,20222023,57.3,1.91
Tage Thompson,BUF,C,C,78,47,47,94,4,1,39,55,26,295,20222023,314,4.0256
Radek Faksa,DAL,C,C,81,11,9,20,9,2,39,89,69,88,20222023,109.8,1.3556
Mikael Granlund,NAS/PIT,C,CW,79,10,31,41,-15,0,20,78,60,121,20222023,145.3,1.8392
Victor Olofsson,BUF,W,W,75,28,12,40,-23,0,4,16,15,161,20222023,141,1.88
Cal Foote,TBL/NAS,D,D,50,2,5,7,6,0,63,58,52,39,20222023,52.8,1.056
Damon Severson,NJD,D,D,81,7,26,33,9,1,38,44,115,102,20222023,139.4,1.721
Nicklas Backstrom,WAS,C,C,39,7,14,21,-25,0,14,24,23,59,20222023,65,1.6667
Michael Eyssimont,WPG/SJSTBL,C,C,54,5,10,15,3,0,63,107,19,124,20222023,87.8,1.6259
Alec Martinez,VGK,D,D,77,3,11,14,30,1,29,48,244,76,20222023,138,1.7922
Valeri Nichushkin,COL,W,W,53,17,30,47,15,3,2,54,37,158,20222023,169,3.1887
Jujhar Khaira,CHI,W,W,51,6,8,14,-11,1,31,108,40,59,20222023,76.1,1.4922
MacKenzie Entwistle,CHI,W,W,66,4,6,10,-11,0,14,126,28,50,20222023,64.3,0.9742
Sebastian Aho,CAR,C,C,75,36,31,67,8,4,42,59,21,218,20222023,234.1,3.1213
Danton Heinen,PIT,W,W,65,8,14,22,-5,0,12,76,26,96,20222023,92.7,1.4262
Owen Tippett,PHI,W,W,77,27,22,49,-17,0,16,125,69,231,20222023,211.8,2.7506
Cole Guttman,CHI,C,C,14,4,2,6,1,0,2,4,8,26,20222023,24.7,1.7643
Parker Wotherspoon,NYI,D,D,12,0,1,1,5,0,4,8,7,10,20222023,9.2,0.7667
Patric Hornqvist,FLA,W,W,22,1,2,3,-4,0,13,18,8,40,20222023,19.8,0.9
Aaron Ekblad,FLA,D,D,71,14,24,38,-14,1,68,77,80,216,20222023,168.4,2.3718
Alexander Alexeyev,WAS,D,D,32,0,5,5,-2,0,4,33,48,28,20222023,36,1.125
Brett Howden,VGK,C,C,54,6,7,13,5,0,55,107,34,53,20222023,75.7,1.4019
Ben Meyers,COL,C,C,39,4,0,4,-6,0,6,25,13,33,20222023,25.7,0.659
Jordan Harris,MTL,D,D,65,4,13,17,-3,0,26,53,98,70,20222023,91.1,1.4015
Alexander Barabanov,SJS,W,W,68,15,32,47,-30,0,20,40,37,120,20222023,143.1,2.1044
Scott Laughton,PHI,C,C,78,18,25,43,-9,7,50,156,57,170,20222023,183.6,2.3538
Brett Leason,ANA,W,W,54,6,3,9,-21,0,14,35,18,51,20222023,40.3,0.7463
Chris Tierney,FLA/MTL,C,C,36,3,7,10,-8,1,6,15,21,19,20222023,33.7,0.9361
Josh Archibald,PIT,W,W,62,6,6,12,6,0,43,195,28,71,20222023,93.4,1.5065
Marián Studeni,DAL,W,W,3,0,0,0,-1,0,0,3,0,4,20222023,1.1,0.3667
Colin Miller,DAL,D,D,79,6,15,21,23,0,37,108,70,106,20222023,118.7,1.5025
Mathew Barzal,NYI,C,CW,58,14,37,51,5,0,22,25,34,139,20222023,160.5,2.7672
Jakob Silfverberg,ANA,W,W,81,10,16,26,-20,0,32,10,51,141,20222023,101.5,1.2531
Brandon Saad,STL,W,W,71,19,18,37,-8,3,12,24,31,127,20222023,130.1,1.8324
Ryan Nugent-Hopkins,EDM,C,CW,82,37,67,104,12,4,35,48,26,201,20222023,306.2,3.7341
Matt Duchene,NAS,C,CW,71,22,34,56,4,0,32,27,32,168,20222023,183.8,2.5887
Austin Czarnik,DET,C,C,29,3,2,5,-4,0,8,16,13,27,20222023,24.3,0.8379
Sebastian Aho,NYI,D,C,71,5,18,23,9,0,22,38,69,89,20222023,99.8,1.4056
Mikhail Sergachev,TBL,D,D,79,10,54,64,13,1,53,128,149,156,20222023,243.4,3.081
Tyler Toffoli,CGY,W,W,82,34,39,73,16,0,28,59,14,268,20222023,254.4,3.1024
Boris Katchouk,CHI,W,W,58,5,11,16,-10,1,27,85,15,68,20222023,69.1,1.1914
Karson Kuhlman,SEA/WPG,C,C,47,3,4,7,-4,0,8,41,18,48,20222023,39,0.8298
Tyson Jost,MIN/BUF,C,C,71,7,18,25,-13,0,34,61,32,98,20222023,94.5,1.331
Kevin Fiala,LAK,W,W,69,23,49,72,2,0,52,53,18,208,20222023,225.2,3.2638
Ondrej Palat,NJD,W,W,49,8,15,23,5,0,6,70,44,79,20222023,98.5,2.0102
Sonny Milano,WAS,W,W,64,11,22,33,-5,0,18,39,15,80,20222023,103.8,1.6219
Dylan Strome,WAS,C,C,81,23,42,65,-4,0,24,20,43,154,20222023,199.5,2.463
Nick Jensen,WAS,D,D,77,5,24,29,-1,1,18,107,128,109,20222023,144.3,1.874
Emil Bemstrom,CBJ,W,W,55,7,15,22,-11,0,6,16,21,95,20222023,76.2,1.3855
Nikita Nesterenko,ANA,C,C,9,1,0,1,-3,0,0,6,1,23,20222023,8.2,0.9111
Vladislav Gavrikov,CBJ/LAK,D,D,72,6,13,19,4,2,38,74,115,89,20222023,112.3,1.5597
Walker Duehr,CGY,W,W,27,7,4,11,0,0,4,55,4,47,20222023,50.6,1.8741
Juraj Slafkovsky,MTL,W,W,39,4,6,10,-13,0,33,53,24,42,20222023,46.3,1.1872
Drew O'Connor,PIT,W,W,46,5,6,11,-3,0,12,63,14,62,20222023,55.3,1.2022
Jesper Boqvist,NJD,C,C,70,10,11,21,8,0,2,50,20,67,20222023,83.8,1.1971
Wyatt Johnston,DAL,C,C,82,24,17,41,6,0,20,22,31,160,20222023,153.5,1.872
Noah Gregor,SJS,C,C,57,10,7,17,-9,1,32,97,34,119,20222023,94.7,1.6614
Ben Hutton,VGK,D,D,31,3,5,8,1,0,6,18,34,52,20222023,43.5,1.4032
Erik Gudbranson,CBJ,D,D,70,1,12,13,-24,0,57,119,137,102,20222023,105.1,1.5014
Jonathan Toews,CHI,C,C,53,15,16,31,-31,0,43,9,23,87,20222023,93.8,1.7698
Thomas Chabot,OTT,D,D,68,11,30,41,-11,0,52,79,123,165,20222023,175.4,2.5794
Ian Cole,TBL,D,D,78,3,14,17,13,0,61,117,123,109,20222023,123,1.5769
Oliver Wahlstrom,NYI,W,W,35,7,9,16,5,0,32,50,15,70,20222023,69,1.9714
Matt Coronato,CGY,W,W,1,0,0,0,1,0,2,1,0,4,20222023,1.3,1.3
Travis Hamonic,OTT,D,D,75,6,15,21,-5,3,71,109,143,136,20222023,138.4,1.8453
Nikita Zadorov,CGY,D,D,82,14,7,21,10,0,80,174,75,130,20222023,142.3,1.7354
Aleksi Heponiemi,FLA,C,C,10,1,2,3,-1,0,2,2,1,6,20222023,8.6,0.86
Derek Stepan,CAR,C,C,73,5,6,11,8,1,8,29,21,98,20222023,61.1,0.837
Jordan Staal,CAR,C,C,81,17,17,34,7,2,32,155,39,124,20222023,154.6,1.9086
Lawson Crouse,ARI,W,W,77,24,21,45,-3,0,35,194,58,151,20222023,199.5,2.5909
Filip Zadina,DET,W,W,30,3,4,7,-5,0,10,22,15,51,20222023,34.6,1.1533
Tyson Barrie,EDM/NAS,D,D,85,13,42,55,-7,1,36,55,90,163,20222023,191.5,2.2529
Nick Leddy,STL,D,D,78,2,21,23,4,0,20,43,96,79,20222023,102.4,1.3128
Simon Benoit,ANA,D,D,78,3,7,10,-29,0,60,216,128,82,20222023,112.3,1.4397
Mike Hoffman,MTL,W,W,67,14,20,34,-10,0,28,24,24,148,20222023,120.6,1.8
Klim Kostin,EDM,C,C,57,11,10,21,12,0,66,157,15,56,20222023,103.7,1.8193
Charlie Coyle,BOS,C,C,82,16,29,45,29,5,30,68,63,139,20222023,175,2.1341
Nathan MacKinnon,COL,C,C,71,42,69,111,29,0,30,53,40,366,20222023,368.5,5.1901
Ryan Reaves,NYR/MIN,W,W,73,5,10,15,-6,0,43,196,24,48,20222023,89.2,1.2219
Adam Pelech,NYI,D,D,61,6,15,21,15,1,36,77,110,97,20222023,120.3,1.9721
Mike Reilly,BOS,D,D,10,0,1,1,0,0,2,21,10,12,20222023,11.6,1.16
Paul Cotter,VGK,C,C,55,13,5,18,-5,0,15,168,17,76,20222023,101.4,1.8436
Jean-Luc Foudy,COL,C,C,9,0,0,0,-3,0,6,2,2,12,20222023,2.5,0.2778
Riley Stillman,VAN/BUF,D,D,50,1,7,8,-13,0,36,81,44,37,20222023,49.9,0.998
Brendan Lemieux,LAK/PHI,W,W,45,2,7,9,-3,0,74,131,15,44,20222023,58.6,1.3022
Calvin de Haan,CAR,D,D,53,2,10,12,7,0,20,84,49,51,20222023,69.8,1.317
Blake Wheeler,WPG,W,W,72,16,39,55,-3,0,46,54,35,126,20222023,171.6,2.3833
Jason Robertson,DAL,W,W,82,46,63,109,37,0,20,57,19,313,20222023,354.8,4.3268
Nils Lundkvist,DAL,D,D,60,6,10,16,-5,0,26,49,67,94,20222023,85.2,1.42
Mattias Samuelsson,BUF,D,D,55,2,8,10,14,1,20,107,91,76,20222023,90.1,1.6382
Ryan McDonagh,NAS,D,D,71,2,18,20,12,0,22,63,165,78,20222023,123.3,1.7366
Nicolas Deslauriers,PHI,W,W,80,6,6,12,-11,1,136,306,26,70,20222023,109.7,1.3712
Rasmus Sandin,TOR/WAS,D,D,71,7,28,35,3,0,39,136,87,81,20222023,147.4,2.0761
Ethan Bear,VAN,D,D,61,3,13,16,6,1,25,39,82,75,20222023,84.2,1.3803
Sam Gagner,WPG,C,C,48,8,6,14,-4,0,13,16,14,78,20222023,57.8,1.2042
Vladimir Tarasenko,STL/NYR,W,W,69,18,32,50,-14,1,8,75,36,169,20222023,173.4,2.513
Sam Carrick,ANA,C,C,52,3,4,7,-17,0,86,98,24,50,20222023,48.7,0.9365
Gustav Forsling,FLA,D,D,82,13,28,41,19,2,40,69,106,209,20222023,188.1,2.2939
Jonathan Huberdeau,CGY,C,W,79,15,40,55,2,0,36,65,27,126,20222023,171.9,2.1759
Ryan Lomberg,FLA,W,W,82,12,8,20,-1,0,88,149,24,134,20222023,115.5,1.4085
Jonas Siegenthaler,NJD,D,D,80,4,17,21,27,0,44,101,151,84,20222023,136.4,1.705
Joe Pavelski,DAL,C,CW,82,28,49,77,42,1,8,93,64,184,20222023,269.2,3.2829
Jean-Gabriel Pageau,NYI,C,C,70,13,27,40,-2,4,14,175,61,123,20222023,170.3,2.4329
Samuel Bolduc,NYI,D,D,17,2,1,3,5,0,2,26,16,20,20222023,23.5,1.3824
Jonas Brodin,MIN,D,D,60,3,11,14,13,2,30,50,130,90,20222023,101.9,1.6983
Pierre-Luc Dubois,WPG,W,CW,73,27,36,63,5,0,77,71,47,205,20222023,223.8,3.0658
Carl Grundstrom,LAK,W,W,57,12,7,19,-4,0,16,144,17,90,20222023,100.7,1.7667
Jake Evans,MTL,C,C,54,2,17,19,-5,2,28,27,41,55,20222023,67.2,1.2444
Ivan Barbashev,STL/VGK,C,CW,82,16,29,45,1,1,42,182,46,126,20222023,181.7,2.2159
Ivan Provorov,PHI,D,D,82,6,21,27,-17,2,24,97,162,115,20222023,145.9,1.7793
Mark Stone,VGK,W,W,43,17,21,38,11,2,10,31,23,113,20222023,132,3.0698
Anders Lee,NYI,W,W,82,28,22,50,-3,0,50,125,57,214,20222023,212,2.5854
Ryan Pulock,NYI,D,D,82,5,21,26,10,0,14,140,128,126,20222023,151.6,1.8488
Marc-Edouard Vlasic,SJS,D,D,78,1,17,18,-14,0,16,45,116,67,20222023,90,1.1538
Liam O'Brien,ARI,C,C,56,3,8,11,-5,0,114,203,28,39,20222023,80.3,1.4339
Marcus Johansson,WAS/MIN,W,W,80,19,27,46,3,2,8,26,23,137,20222023,151.4,1.8925
Josh Norris,OTT,C,C,8,2,1,3,-1,0,6,7,6,15,20222023,13.9,1.7375
Joel Hanley,DAL,D,D,26,0,2,2,5,0,15,24,28,14,20222023,21.5,0.8269
Anthony Mantha,WAS,W,W,67,11,16,27,-8,0,31,68,24,119,20222023,107.2,1.6
Travis Konecny,PHI,W,W,60,31,30,61,-12,6,77,55,38,191,20222023,210,3.5
Rasmus Andersson,CGY,D,D,79,11,38,49,5,2,26,50,136,159,20222023,193.1,2.4443
Scott Harrington,SJS/ANA,D,D,45,4,7,11,-6,0,10,51,78,33,20222023,64.4,1.4311
Nicholas Paul,TBL,W,W,80,17,15,32,11,1,33,111,46,120,20222023,144.3,1.8038
Kyle Palmieri,NYI,C,W,55,16,17,33,13,0,24,76,17,122,20222023,130.6,2.3745
Nick Foligno,BOS,W,W,60,10,16,26,18,0,45,147,29,71,20222023,119.7,1.995
Wayne Simmonds,TOR,W,W,18,0,2,2,1,0,49,44,7,9,20222023,17,0.9444
Denis Malgin,TOR/COL,C,C,65,13,8,21,4,0,8,68,18,112,20222023,97.6,1.5015
Matthew Knies,TOR,W,W,3,0,1,1,1,0,2,2,2,4,20222023,4.1,1.3667
Nick Schmaltz,ARI,C,CW,63,22,36,58,4,1,20,12,28,132,20222023,176.4,2.8
Michael Amadio,VGK,W,C,67,16,11,27,2,0,12,56,27,99,20222023,109.7,1.6373
Pavel Buchnevich,STL,W,CW,63,26,41,67,14,2,36,54,23,123,20222023,206.5,3.2778
Alex Iafallo,LAK,W,W,59,14,22,36,14,0,20,27,33,133,20222023,132.1,2.239
Noah Hanifin,CGY,D,D,81,7,31,38,2,1,33,76,129,176,20222023,172.7,2.1321
Ryan Poehling,PIT,C,C,53,7,7,14,-2,3,8,57,41,64,20222023,70.9,1.3377
Dmitry Kulikov,ANA/PIT,D,D,67,3,13,16,-13,0,34,96,108,84,20222023,99.5,1.4851
Nikolaj Ehlers,WPG,W,W,45,12,26,38,-2,0,11,36,10,132,20222023,124,2.7556
Erik Brannstrom,OTT,D,D,74,2,16,18,5,0,38,49,103,74,20222023,95,1.2838
Sean Farrell,MTL,C,C,6,1,0,1,-2,0,0,0,2,8,20222023,4.6,0.7667
Mikael Backlund,CGY,C,C,82,19,37,56,24,4,36,97,31,260,20222023,218.9,2.6695
James Hamblin,EDM,W,W,10,0,0,0,-3,0,2,2,1,12,20222023,2.2,0.22
Sampo Ranta,COL,W,W,6,0,0,0,0,0,4,10,3,5,20222023,3.9,0.65
Aleksander Barkov,FLA,C,C,68,23,55,78,10,2,8,52,48,208,20222023,248.4,3.6529
Sheldon Dries,VAN,C,C,63,11,6,17,-9,1,29,84,40,94,20222023,89.9,1.427
Mathieu Olivier,CBJ,W,W,66,5,10,15,-20,0,81,178,58,75,20222023,97,1.4697
Evgeny Svechnikov,SJS,W,W,59,8,6,14,-6,0,26,100,21,64,20222023,73.3,1.2424
Erik Johnson,COL,D,D,63,0,8,8,8,1,12,121,102,98,20222023,92.8,1.473
Derek Grant,ANA,C,C,46,5,13,18,-4,0,26,36,26,72,20222023,69.2,1.5043
Brandon Carlo,BOS,D,D,75,3,13,16,44,2,38,128,116,94,20222023,127.4,1.6987
William Karlsson,VGK,C,C,82,14,39,53,14,5,10,50,50,161,20222023,181.4,2.2122
Samuel Girard,COL,D,D,76,6,31,37,-10,1,16,67,116,119,20222023,149,1.9605
Chris Wagner,BOS,W,W,1,0,0,0,0,0,0,6,1,0,20222023,1.5,1.5
Nils Aman,VAN,C,C,68,4,12,16,-12,2,18,44,41,50,20222023,63.5,0.9338
Trevor Moore,LAK,W,W,59,10,19,29,-2,2,14,60,23,163,20222023,118.9,2.0153
Mitch Marner,TOR,W,W,80,30,69,99,18,5,28,53,45,196,20222023,296.7,3.7088
Robby Fabbri,DET,C,C,28,7,9,16,-1,0,22,49,15,35,20222023,60,2.1429
Jake Bean,CBJ,D,D,14,1,5,6,-2,0,6,13,21,16,20222023,24.5,1.75
Vincent Trocheck,NYR,C,C,82,22,42,64,3,0,58,182,44,225,20222023,245.5,2.9939
Joel Edmundson,MTL,D,D,61,2,11,13,-29,1,58,112,149,69,20222023,100.2,1.6426
Quinton Byfield,LAK,C,C,53,3,19,22,13,0,30,53,16,74,20222023,81.1,1.5302
Erik Cernak,TBL,D,D,70,2,14,16,8,2,53,209,100,87,20222023,125.6,1.7943
Brock Faber,MIN,D,D,2,0,0,0,2,0,0,0,9,1,20222023,3.5,1.75
Vinnie Hinostroza,BUF,C,C,26,2,9,11,-1,1,6,1,7,38,20222023,33.6,1.2923
Curtis Lazar,VAN/NJD,C,C,49,3,2,5,-6,0,21,138,53,55,20222023,65.7,1.3408
William Carrier,VGK,W,W,56,16,9,25,15,0,30,133,22,118,20222023,127.3,2.2732
Jack Johnson,CHI/COL,D,D,83,2,6,8,-15,2,28,117,127,92,20222023,93.4,1.1253
J.J. Moser,ARI,D,D,82,7,24,31,-12,0,35,80,137,93,20222023,141.1,1.7207
Kirby Dach,MTL,C,C,58,14,24,38,-2,2,43,53,38,107,20222023,132.8,2.2897
Matthew Tkachuk,FLA,W,W,79,40,69,109,29,1,123,68,31,322,20222023,354,4.481
Henrik Borgstrom,WAS,C,C,1,0,0,0,0,0,0,0,0,0,20222023,0,0
Justin Danforth,CBJ,W,W,6,2,1,3,-3,0,4,7,1,10,20222023,10.8,1.8
Ben Harpur,NYR,D,D,42,1,5,6,0,0,20,63,57,34,20222023,49.5,1.1786
Isac Lundestrom,ANA,C,C,61,4,10,14,-13,1,2,20,43,60,20222023,57,0.9344
Jacob Peterson,DAL/SJS,C,C,12,2,6,8,-12,0,4,12,5,21,20222023,22.5,1.875
Alex Goligoski,MIN,D,D,46,2,4,6,-9,0,16,33,67,63,20222023,50.6,1.1
Tyce Thompson,NJD,W,W,2,0,0,0,-1,0,0,0,2,1,20222023,0.5,0.25
Jacob Moverare,LAK,D,D,2,0,0,0,-1,0,0,3,4,6,20222023,2.7,1.35
Troy Stecher,ARI/CGY,D,D,81,3,11,14,-6,0,44,70,92,88,20222023,88.4,1.0914
Jaccob Slavin,CAR,D,D,76,7,20,27,18,1,8,36,103,131,20222023,130.7,1.7197
Mark Scheifele,WPG,C,C,81,42,26,68,-16,0,43,50,38,206,20222023,235.8,2.9111
Jesperi Kotkaniemi,CAR,C,C,82,18,25,43,10,1,50,105,21,129,20222023,160.1,1.9524
Zemgus Girgensons,BUF,W,W,80,10,8,18,-5,0,14,96,49,114,20222023,101.2,1.265
Noah Dobson,NYI,D,D,78,13,36,49,4,0,20,60,104,206,20222023,196.6,2.5205
Connor Mackey,CGY/ARI,D,D,30,3,4,7,-4,0,48,61,29,31,20222023,42.9,1.43
T.J. Oshie,WAS,W,W,58,19,16,35,-18,0,59,125,34,126,20222023,144,2.4828
Anton Stralman,BOS,D,D,8,0,0,0,-3,0,2,12,10,3,20222023,5.1,0.6375
Marco Scandella,STL,D,D,20,1,1,2,2,0,6,27,26,17,20222023,22.2,1.11
Alex Belzile,MTL,W,W,31,6,8,14,0,0,13,27,22,40,20222023,54,1.7419
Stefan Noesen,CAR,W,W,78,13,23,36,11,0,32,99,18,134,20222023,140.3,1.7987
Hudson Fasching,NYI,W,W,49,10,9,19,10,0,10,45,22,61,20222023,78.8,1.6082
Troy Terry,ANA,W,W,70,23,38,61,-8,0,22,12,23,188,20222023,189.5,2.7071
Joel Armia,MTL,W,W,43,7,7,14,-7,1,22,37,25,69,20222023,61.6,1.4326
Max Comtois,ANA,W,W,64,9,10,19,-20,0,76,81,27,89,20222023,83.1,1.2984
Markus Niemelainen,EDM,D,D,23,0,0,0,3,0,4,61,16,16,20222023,21.1,0.9174
Zach Parise,NYI,W,W,82,21,13,34,7,3,24,89,83,182,20222023,170.2,2.0756
Casey Fitzgerald,BUF/FLA,D,D,27,0,3,3,-2,0,4,35,12,13,20222023,18.6,0.6889
Colton Parayko,STL,D,D,79,4,23,27,-19,1,30,115,144,133,20222023,145.1,1.8367
Matt Benning,SJS,D,D,77,1,23,24,-18,1,26,102,125,58,20222023,113.1,1.4688
Adam Fox,NYR,D,D,82,12,60,72,28,3,34,25,125,159,20222023,238.7,2.911
Nick Perbix,TBL,D,D,69,5,15,20,11,0,22,73,65,111,20222023,104.6,1.5159
Jarred Tinordi,CHI,D,D,44,2,6,8,-17,0,40,139,68,32,20222023,67.5,1.5341
Adin Hill,VGK,G,G,27,16,2.2962962962963,0.914127423822715,0,660,7,62,20222023,NA,NA,81.4,3.0148
Linus Ullmark,BOS,G,G,49,40,1.85714285714286,0.937542896362389,2,1366,6,91,20222023,NA,NA,218.1,4.451
Connor Hellebuyck,WPG,G,G,64,37,2.453125,0.920061099796334,4,1807,25,157,20222023,NA,NA,231.45,3.6164
Antti Raanta,CAR,G,G,27,19,2.14814814814815,0.909937888198758,4,586,3,58,20222023,NA,NA,91.5,3.3889
John Gibson,ANA,G,G,53,14,3.77358490566038,0.899142713061019,1,1783,31,200,20222023,NA,NA,138.45,2.6123
Cal Petersen,LAK,G,G,10,5,3.4,0.867704280155642,0,223,3,34,20222023,NA,NA,16.25,1.625
Dylan Wells,CHI,G,G,1,0,1,0.923076923076923,0,12,0,1,20222023,NA,NA,1,1
Ilya Samsonov,TOR,G,G,42,27,2.28571428571429,0.918918918918919,4,1088,10,96,20222023,NA,NA,152.4,3.6286
Collin Delia,VAN,G,G,20,10,3.1,0.88212927756654,0,464,6,62,20222023,NA,NA,40,2
Frederik Andersen,CAR,G,G,34,21,2.41176470588235,0.903415783274441,1,767,11,82,20222023,NA,NA,94.45,2.7779
Anton Forsberg,OTT,G,G,28,11,2.85714285714286,0.902080783353733,2,737,11,80,20222023,NA,NA,74.55,2.6625
Pavel Francouz,COL,G,G,16,8,2.625,0.914807302231237,1,451,7,42,20222023,NA,NA,53.05,3.3156
Joonas Korpisalo,CBJ/LAK,G,G,39,18,2.66666666666667,0.913835956917979,1,1103,14,104,20222023,NA,NA,121.25,3.109
Kaapo Kahkonen,SJS,G,G,37,9,3.64864864864865,0.882506527415144,1,1014,20,135,20222023,NA,NA,65.1,1.7595
Jack Campbell,EDM,G,G,36,21,3.19444444444444,0.888023369036027,1,912,9,115,20222023,NA,NA,89.8,2.4944
Lukas Dostal,ANA,G,G,19,4,3.52631578947368,0.901325478645066,0,612,10,67,20222023,NA,NA,46.2,2.4316
Darcy Kuemper,WAS,G,G,57,22,2.70175438596491,0.908059701492537,5,1521,26,154,20222023,NA,NA,163.95,2.8763
Devon Levi,BUF,G,G,7,5,3,0.905405405405405,0,201,2,21,20222023,NA,NA,23.35,3.3357
Connor Ingram,ARI,G,G,27,6,3.2962962962963,0.907291666666667,1,871,13,89,20222023,NA,NA,74.45,2.7574
David Rittich,WPG,G,G,21,9,2.38095238095238,0.901185770750988,0,456,8,50,20222023,NA,NA,46.4,2.2095
Jacob Markstrom,CGY,G,G,59,23,2.8135593220339,0.892347600518807,1,1376,21,166,20222023,NA,NA,122.6,2.078
Dustin Wolf,CGY,G,G,1,1,1,0.958333333333333,0,23,0,1,20222023,NA,NA,4.65,4.65
Scott Wedgewood,DAL,G,G,21,9,2.42857142857143,0.915422885572139,1,552,8,51,20222023,NA,NA,63,3
Ukko-Pekka Luukkonen,BUF,G,G,33,17,3.48484848484849,0.890995260663507,0,940,11,115,20222023,NA,NA,83,2.5152
Petr Mrazek,CHI,G,G,39,10,3.38461538461538,0.894230769230769,0,1116,22,132,20222023,NA,NA,81.8,2.0974
Karel Vejmelka,ARI,G,G,50,18,3.36,0.899461400359066,3,1503,24,168,20222023,NA,NA,136.05,2.721
Ville Husso,DET,G,G,56,26,2.98214285714286,0.895820336868372,4,1436,22,167,20222023,NA,NA,145.8,2.6036
Jeremy Swayman,BOS,G,G,37,24,2.05405405405405,0.920251836306401,4,877,6,76,20222023,NA,NA,130.75,3.5338
Sam Montembeault,MTL,G,G,40,16,3.325,0.901115241635688,0,1212,19,133,20222023,NA,NA,107.4,2.685
Dan Vladar,CGY,G,G,27,14,2.66666666666667,0.89237668161435,0,597,6,72,20222023,NA,NA,59.95,2.2204
Vitek Vanecek,NJD,G,G,52,33,2.28846153846154,0.91072768192048,3,1214,11,119,20222023,NA,NA,161.9,3.1135
James Reimer,SJS,G,G,43,12,3.41860465116279,0.889887640449438,3,1188,21,147,20222023,NA,NA,93.6,2.1767
Felix Sandstrom,PHI,G,G,20,3,3.45,0.88,0,506,12,69,20222023,NA,NA,26.7,1.335
Spencer Knight,FLA,G,G,21,9,2.95238095238095,0.901116427432217,1,565,8,62,20222023,NA,NA,56.15,2.6738
Carter Hart,PHI,G,G,55,22,2.81818181818182,0.906906906906907,2,1510,23,155,20222023,NA,NA,152.5,2.7727
Marc-Andre Fleury,MIN,G,G,46,24,2.73913043478261,0.907827359180688,2,1241,16,126,20222023,NA,NA,139.35,3.0293
Jiri Patera,VGK,G,G,2,2,2.5,0.928571428571429,0,65,0,5,20222023,NA,NA,9.75,4.875
Ilya Sorokin,NYI,G,G,62,31,2.25806451612903,0.923871669385536,6,1699,22,140,20222023,NA,NA,222.85,3.5944
Pyotr Kochetkov,CAR,G,G,24,12,2.375,0.909090909090909,4,570,7,57,20222023,NA,NA,75.9,3.1625
Laurent Brossoit,VGK,G,G,11,7,2.09090909090909,0.927444794952681,0,294,0,23,20222023,NA,NA,39.7,3.6091
Magnus Hellberg,OTT/DET,G,G,18,5,2.77777777777778,0.888143176733781,0,397,8,50,20222023,NA,NA,29.55,1.6417
Andrei Vasilevskiy,TBL,G,G,60,34,2.65,0.9152,4,1716,22,159,20222023,NA,NA,210.2,3.5033
Elvis Merzlikins,CBJ,G,G,30,7,3.66666666666667,0.876265466816648,0,779,18,110,20222023,NA,NA,42.85,1.4283
Brian Elliott,TBL,G,G,22,12,3.40909090909091,0.891146589259797,2,614,8,75,20222023,NA,NA,62.1,2.8227
Casey DeSmith,PIT,G,G,38,15,2.86842105263158,0.904553415061296,0,1033,16,109,20222023,NA,NA,97.75,2.5724
Jon Gillies,CBJ,G,G,3,1,3,0.863636363636364,0,57,1,9,20222023,NA,NA,3.35,1.1167
Juuse Saros,NAS,G,G,64,33,2.671875,0.918532634587899,2,1928,23,171,20222023,NA,NA,224.4,3.5062
Matt Murray,TOR,G,G,26,14,2.84615384615385,0.902759526938239,1,687,8,74,20222023,NA,NA,74.85,2.8788
Mackenzie Blackwood,NJD,G,G,22,10,2.72727272727273,0.893428063943162,0,503,6,60,20222023,NA,NA,47.45,2.1568
Charlie Lindgren,WAS,G,G,31,13,2.7741935483871,0.899179366940211,0,767,11,86,20222023,NA,NA,72.25,2.3306
Akira Schmid,NJD,G,G,18,9,1.77777777777778,0.92156862745098,1,376,5,32,20222023,NA,NA,51.8,2.8778
Alex Lyon,FLA,G,G,15,9,2.86666666666667,0.912065439672802,1,446,4,43,20222023,NA,NA,53.5,3.5667
Kevin Lankinen,NAS,G,G,19,9,2.57894736842105,0.915951972555746,0,534,8,49,20222023,NA,NA,58.9,3.1
Tristan Jarry,PIT,G,G,47,24,2.72340425531915,0.90947666195191,2,1286,13,128,20222023,NA,NA,144.5,3.0745
Michael Hutchinson,CBJ,G,G,16,2,3.375,0.875288683602771,0,379,6,54,20222023,NA,NA,17.65,1.1031
Semyon Varlamov,NYI,G,G,23,11,2.60869565217391,0.912917271407837,2,629,9,60,20222023,NA,NA,74.35,3.2326
Cam Talbot,OTT,G,G,36,17,2.63888888888889,0.898395721925134,1,840,14,95,20222023,NA,NA,87,2.4167
Eric Comrie,BUF,G,G,19,9,3.57894736842105,0.885521885521886,1,526,9,68,20222023,NA,NA,45.5,2.3947
Jonathan Quick,LAK/VGK,G,G,41,16,3.09756097560976,0.882407407407407,2,953,15,127,20222023,NA,NA,79.35,1.9354
Jaroslav Halak,NYR,G,G,25,10,2.64,0.902941176470588,1,614,9,66,20222023,NA,NA,62.3,2.492
Pheonix Copley,LAK,G,G,37,24,2.48648648648649,0.90285110876452,1,855,6,92,20222023,NA,NA,105.65,2.8554
Matt Murray,DAL,G,G,3,1,3.33333333333333,0.84375,0,54,2,10,20222023,NA,NA,2.1,0.7
Keith Kinkaid,BOS/COL,G,G,2,1,1,0.95,0,38,0,2,20222023,NA,NA,6.1,3.05
Craig Anderson,BUF,G,G,26,11,2.92307692307692,0.907654921020656,1,747,11,76,20222023,NA,NA,76.25,2.9327
Jake Allen,MTL,G,G,42,15,3.45238095238095,0.891385767790262,1,1190,24,145,20222023,NA,NA,95.5,2.2738
Sergei Bobrovsky,FLA,G,G,50,24,2.9,0.901091405184175,1,1321,20,145,20222023,NA,NA,133.15,2.663
Logan Thompson,VGK,G,G,37,21,2.59459459459459,0.915194346289753,2,1036,13,96,20222023,NA,NA,126.6,3.4216
Stuart Skinner,EDM,G,G,50,29,2.66,0.913467794404684,1,1404,14,133,20222023,NA,NA,165.2,3.304
Thatcher Demko,VAN,G,G,32,14,3.09375,0.901492537313433,1,906,14,99,20222023,NA,NA,87.7,2.7406
Igor Shesterkin,NYR,G,G,58,37,2.48275862068966,0.916230366492147,3,1575,13,144,20222023,NA,NA,204.05,3.5181
Jake Oettinger,DAL,G,G,62,37,2.32258064516129,0.918964546989308,5,1633,11,144,20222023,NA,NA,218.75,3.5282
Thomas Greiss,STL,G,G,21,7,3.14285714285714,0.894736842105263,1,561,10,66,20222023,NA,NA,48.35,2.3024
Alexandar Georgiev,COL,G,G,62,40,2.51612903225806,0.918110236220472,5,1749,16,156,20222023,NA,NA,232.55,3.7508
Anthony Stolarz,ANA,G,G,19,5,2.68421052631579,0.896969696969697,0,444,6,51,20222023,NA,NA,35.8,1.8842
Alex Stalock,CHI,G,G,27,9,2.74074074074074,0.907960199004975,2,730,15,74,20222023,NA,NA,74.3,2.7519
Jordan Binnington,STL,G,G,61,27,3.18032786885246,0.893756845564075,2,1632,27,194,20222023,NA,NA,149.6,2.4525
Filip Gustavsson,MIN,G,G,39,22,2.07692307692308,0.930946291560102,3,1092,9,81,20222023,NA,NA,152,3.8974
Vince Dunn,SEA,D,D,81,14,50,64,28,0,NA,115,80,149,20222023,227.2,2.8
Michael Stone,CGY,D,D,48,6,5,11,2,0,35,54,59,92,20222023,75.5,1.5729
Matty Beniers,SEA,C,C,80,24,33,57,14,1,NA,79,48,148,NA,203,2.53
Eeli Tolvanen,SEA,W,W,61,18,13,31,8,0,NA,91,51,116,NA,139.1,2.29
Philipp Grubauer,SEA,G,G,39,17,NA,NA,0,832,NA,98,NA,NA,NA,80.4,2.07
Jared McCann,SEA,W,W,79,40,30,70,18,3,NA,65,28,210,NA,251.8,3.2
Jordan Eberle,SEA,W,W,82,20,43,63,6,0,NA,44,25,177,NA,199.5,2.42
Andre Burakovsky,SEA,W,W,49,13,26,39,−9,0,NA,17,15,105,NA,117.2,2.41
Adam Larsson,SEA,D,D,82,8,25,33,27,1,NA,222,173,143,NA,208,2.53
Oliver Bjorkstrand,SEA,W,W,81,20,25,45,−1,0,NA,63,38,198,NA,173.3,2.16
Yanni Gourde,SEA,C,C,81,14,34,48,23,1,NA,118,54,141,NA,185.9,2.29
Joseph Woll,TOR,G,G,7,6,NA,NA,0,204,NA,15,NA,NA,NA,30.6,4.38
NA,NA,NA,NA,NA,NA,NA,NA,NA,NA,NA,NA,NA,NA,NA,NA,NA
PLAYER,TEAM,POS,POS,GP,G,A,PTS,+/-,SHP,PIM,HITS,BLOCKS,SOG,SEASON,FP,FP/GP
